{"modules":[{"id":"15ccc138-c6ac-4967-a926-591505f99967","type":"PlayPrompt","branches":[{"condition":"Success","transition":"85fae6ff-1e37-40ff-b178-312820a736d4"}],"parameters":[{"name":"Text","value":"tts","namespace":"External"},{"name":"TextToSpeechType","value":"text"}],"metadata":{"position":{"x":615,"y":148},"useDynamic":true}},{"id":"b0f84693-8c33-44ec-9d42-b4ce5c87a3e6","type":"PlayPrompt","branches":[{"condition":"Success","transition":"3751b6f6-c3c8-4f9b-ac99-ecbce6f375a0"}],"parameters":[{"name":"Text","value":"Thanks for calling. Please wait while we lookup vanity numbers for the dialed phone number.","namespace":null},{"name":"TextToSpeechType","value":"text"}],"metadata":{"position":{"x":134,"y":180},"useDynamic":false}},{"id":"85fae6ff-1e37-40ff-b178-312820a736d4","type":"Disconnect","branches":[],"parameters":[],"metadata":{"position":{"x":149,"y":360}}},{"id":"3751b6f6-c3c8-4f9b-ac99-ecbce6f375a0","type":"InvokeExternalResource","branches":[{"condition":"Success","transition":"15ccc138-c6ac-4967-a926-591505f99967"},{"condition":"Error","transition":"c626e86c-78e7-4ce3-84ac-9ec27de21d10"}],"parameters":[{"name":"FunctionArn","value":"arn:aws:lambda:eu-west-2:012700660634:function:parrot-beak-dev-VanityLookup","namespace":null},{"name":"TimeLimit","value":"8"},{"name":"Parameter","key":"connect","value":"true","namespace":null}],"metadata":{"position":{"x":389,"y":146},"dynamicMetadata":{"connect":false},"useDynamic":false},"target":"Lambda"},{"id":"c626e86c-78e7-4ce3-84ac-9ec27de21d10","type":"PlayPrompt","branches":[{"condition":"Success","transition":"85fae6ff-1e37-40ff-b178-312820a736d4"}],"parameters":[{"name":"Text","value":"oops, looks like there was an error, we'll get back to you shortly.","namespace":null},{"name":"TextToSpeechType","value":"text"}],"metadata":{"position":{"x":625,"y":322},"useDynamic":false}}],"version":"1","start":"b0f84693-8c33-44ec-9d42-b4ce5c87a3e6","metadata":{"entryPointPosition":{"x":20,"y":20},"snapToGrid":false,"name":"Vanity","description":null,"type":"contactFlow","status":"published","hash":"82c330d8cd5a5a676464477cf9f9f4fc25ab6f98b5fbe3c9b36d071c1b8795be"},"type":"contactFlow"}